order_external_id,customer_code,order_date,line_no,sku,qty,unit_price_cents,currency
EXT-630446,CUST-15,2024-06-04,1,SKU-FOZ,24,109540,ZAR
EXT-630347,CUST-07,2024-06-01,1,SKU-DIZ,12,165489,ZAR
EXT-630421,CUST-14,2024-06-03,1,SKU-EEY,11,207132,ZAR
EXT-630421,CUST-14,2024-06-03,2,SKU-BUZ,4,19307,ZAR
EXT-630421,CUST-14,2024-06-03,3,SKU-HEY,10,51692,ZAR
EXT-630386,CUST-01,2024-07-24,1,SKU-AEY,22,214179,ZAR
EXT-630175,CUST-12,2024-06-17,1,SKU-GEX,1,151723,ZAR
EXT-630175,CUST-12,2024-06-17,2,SKU-COZ,18,247568,ZAR
EXT-9302,CUST-12,2024-07-13,1,SKU-QCB,2,100.0,ZAR
EXT-3044,CUST-04,2024-06-01,1,SKU-FOX,31,82174,ZAR
EXT-630239,CUST-01,2024-07-15,1,SKU-CAY,22,71764,ZAR
EXT-630025,CUST-05,2024-07-20,1,SKU-GOZ,17,21659,ZAR
EXT-630067,CUST-14,2024-06-02,1,SKU-HOY,19,147930,ZAR
EXT-630067,CUST-14,2024-06-02,2,SKU-HIY,10,186952,ZAR
EXT-630067,CUST-14,2024-06-02,3,SKU-COZ,25,216625,ZAR
EXT-1010,CUST-04,2024-07-10,1,SKU-LLL,1,1000,ZAR
EXT-630141,CUST-10,2024-07-09,1,SKU-HAZ,17,181155,ZAR
EXT-630222,CUST-15,2024-06-17,1,SKU-BEY,17,68661,ZAR
EXT-630222,CUST-15,2024-06-17,2,SKU-AOX,19,98373,ZAR
EXT-630222,CUST-15,2024-06-17,3,SKU-DOX,19,135499,ZAR
EXT-630325,CUST-15,2024-06-03,1,SKU-FIX,19,147303,ZAR
EXT-630325,CUST-15,2024-06-03,2,SKU-AUY,13,130169,ZAR
EXT-630164,CUST-03,2024-06-17,1,SKU-DAZ,22,37767,ZAR
EXT-630164,CUST-03,2024-06-17,2,SKU-CUY,14,120691,ZAR
EXT-630164,CUST-03,2024-06-17,3,SKU-BUX,2,210536,ZAR
EXT-630381,CUST-20,2024-06-05,1,SKU-CEY,10,213768,ZAR
EXT-630142,CUST-07,2024-06-16,1,SKU-EUY,10,10987,ZAR
EXT-630462,CUST-08,2024-07-04,1,SKU-CUX,24,49912,ZAR
EXT-630321,CUST-18,2024-07-07,1,SKU-COY,4,162849,ZAR
EXT-630321,CUST-18,2024-07-07,2,SKU-CUZ,14,93806,ZAR
EXT-630321,CUST-18,2024-07-07,3,SKU-FOX,8,62467,ZAR
EXT-630368,CUST-18,2024-06-25,1,SKU-FEX,15,92250,ZAR
EXT-630037,CUST-02,2024-06-26,1,SKU-FIZ,23,192109,ZAR
EXT-630196,CUST-18,2024-06-07,1,SKU-AAY,21,14513,ZAR
EXT-630196,CUST-18,2024-06-07,2,SKU-FEY,19,106795,ZAR
EXT-630196,CUST-18,2024-06-07,3,SKU-DAX,21,58467,ZAR
EXT-630438,CUST-19,2024-06-02,1,SKU-COX,6,32847,ZAR
EXT-630144,CUST-20,2024-06-25,1,SKU-DEZ,15,81552,ZAR
EXT-630144,CUST-20,2024-06-25,2,SKU-BUY,3,63532,ZAR
EXT-630273,CUST-20,2024-07-07,1,SKU-CEX,5,132252,ZAR
EXT-630273,CUST-20,2024-07-07,2,SKU-AIZ,24,159372,ZAR
EXT-630399,CUST-15,2024-06-22,1,SKU-HEY,12,20404,ZAR
EXT-630389,CUST-12,2024-06-22,1,SKU-AEZ,16,143082,ZAR
EXT-630119,CUST-11,2024-06-20,1,SKU-EIZ,22,90197,ZAR
EXT-630119,CUST-11,2024-06-20,2,SKU-AUY,10,38715,ZAR
EXT-630119,CUST-11,2024-06-20,3,SKU-AIY,14,229428,ZAR
EXT-630267,CUST-16,2024-07-06,1,SKU-FIY,10,2498,ZAR
EXT-630267,CUST-16,2024-07-06,2,SKU-DOZ,9,25487,ZAR
EXT-630352,CUST-08,2024-07-25,1,SKU-CEZ,13,47753,ZAR
EXT-630352,CUST-08,2024-07-25,2,SKU-DUZ,22,160370,ZAR
EXT-630352,CUST-08,2024-07-25,3,SKU-GEZ,7,189885,ZAR
EXT-630209,CUST-06,2024-06-06,1,SKU-GEY,2,130293,ZAR
EXT-630398,CUST-09,2024-06-14,1,SKU-CIZ,8,249480,ZAR
EXT-630398,CUST-09,2024-06-14,2,SKU-FAZ,24,8871,ZAR
EXT-630398,CUST-09,2024-06-14,3,SKU-HOX,6,23075,ZAR
EXT-630039,CUST-16,2024-06-12,1,SKU-BIZ,22,160133,ZAR
EXT-630039,CUST-16,2024-06-12,2,SKU-AAX,8,11292,ZAR
EXT-630039,CUST-16,2024-06-12,3,SKU-HOX,9,188572,ZAR
EXT-630034,CUST-08,2024-06-12,1,SKU-BAX,18,15865,ZAR
EXT-9309,CUST-12,2024-07-13,1,SKU-QCI,2,-1,ZAR
EXT-630009,CUST-20,2024-06-09,1,SKU-AAY,19,33307,ZAR
EXT-630156,CUST-11,2024-06-20,1,SKU-HAZ,12,190368,ZAR
EXT-630156,CUST-11,2024-06-20,2,SKU-GAY,19,165172,ZAR
EXT-630156,CUST-11,2024-06-20,3,SKU-DIY,10,209980,ZAR
EXT-630240,CUST-03,2024-06-20,1,SKU-AEY,25,105982,ZAR
EXT-630329,CUST-06,2024-07-22,1,SKU-EUY,2,65750,ZAR
EXT-630338,CUST-19,2024-06-10,1,SKU-FAY,12,223588,ZAR
EXT-630338,CUST-19,2024-06-10,2,SKU-AOZ,5,136124,ZAR
EXT-630338,CUST-19,2024-06-10,3,SKU-BAZ,23,42729,ZAR
EXT-630277,CUST-18,2024-07-28,1,SKU-HEZ,2,220287,ZAR
EXT-630277,CUST-18,2024-07-28,2,SKU-AOY,18,110381,ZAR
EXT-630277,CUST-18,2024-07-28,3,SKU-DOX,10,183377,ZAR
EXT-630213,CUST-13,2024-07-19,1,SKU-BUY,9,180692,ZAR
EXT-630213,CUST-13,2024-07-19,2,SKU-BIY,8,117896,ZAR
EXT-630213,CUST-13,2024-07-19,3,SKU-GIZ,17,90004,ZAR
EXT-630430,CUST-08,2024-07-19,1,SKU-CAX,24,25556,ZAR
EXT-630167,CUST-02,2024-06-20,1,SKU-FAX,9,185286,ZAR
EXT-630058,CUST-12,2024-07-11,1,SKU-EIX,10,84439,ZAR
EXT-630058,CUST-12,2024-07-11,2,SKU-CEZ,4,167739,ZAR
EXT-630210,CUST-20,2024-06-05,1,SKU-GUY,18,11974,ZAR
EXT-630160,CUST-03,2024-07-24,1,SKU-EAX,4,59118,ZAR
EXT-630160,CUST-03,2024-07-24,2,SKU-AEZ,5,224912,ZAR
EXT-630160,CUST-03,2024-07-24,3,SKU-DUY,4,112562,ZAR
EXT-630371,CUST-12,2024-07-23,1,SKU-DUZ,10,121895,ZAR
EXT-630371,CUST-12,2024-07-23,2,SKU-EUX,10,12340,ZAR
EXT-630379,CUST-14,2024-07-20,1,SKU-EEY,25,240081,ZAR
EXT-630083,CUST-11,2024-07-26,1,SKU-DOZ,7,57725,ZAR
EXT-630083,CUST-11,2024-07-26,2,SKU-GEX,15,219456,ZAR
EXT-630083,CUST-11,2024-07-26,3,SKU-AIZ,8,158787,ZAR
EXT-630284,CUST-12,2024-06-15,1,SKU-EUY,21,160010,ZAR
EXT-630284,CUST-12,2024-06-15,2,SKU-GUZ,3,228363,ZAR
EXT-630261,CUST-03,2024-07-27,1,SKU-DAZ,4,231202,ZAR
EXT-630261,CUST-03,2024-07-27,2,SKU-BEY,6,122356,ZAR
EXT-630458,CUST-06,2024-06-16,1,SKU-BEX,5,96391,ZAR
EXT-630047,CUST-17,2024-06-26,1,SKU-EAY,7,104282,ZAR
EXT-630047,CUST-17,2024-06-26,2,SKU-CUZ,12,225805,ZAR
EXT-630047,CUST-17,2024-06-26,3,SKU-DUX,17,134902,ZAR
EXT-630103,CUST-04,2024-07-28,1,SKU-EIZ,19,247196,ZAR
EXT-630103,CUST-04,2024-07-28,2,SKU-CUZ,8,115545,ZAR
EXT-630426,CUST-03,2024-07-06,1,SKU-FOX,23,192784,ZAR
EXT-630426,CUST-03,2024-07-06,2,SKU-FAX,5,224629,ZAR
EXT-630075,CUST-19,2024-07-20,1,SKU-BIY,19,167492,ZAR
EXT-630075,CUST-19,2024-07-20,2,SKU-DIZ,4,84702,ZAR
EXT-630074,CUST-20,2024-07-27,1,SKU-BUY,12,214222,ZAR
EXT-630074,CUST-20,2024-07-27,2,SKU-BAZ,4,64258,ZAR
EXT-630074,CUST-20,2024-07-27,3,SKU-DIY,4,30759,ZAR
EXT-630172,CUST-12,2024-06-08,1,SKU-COY,3,143287,ZAR
EXT-630113,CUST-10,2024-07-16,1,SKU-AEX,15,162704,ZAR
EXT-630113,CUST-10,2024-07-16,2,SKU-FUZ,6,17107,ZAR
EXT-630442,CUST-12,2024-07-21,1,SKU-COX,20,181138,ZAR
EXT-630442,CUST-12,2024-07-21,2,SKU-BEY,19,40184,ZAR
EXT-630080,CUST-01,2024-06-03,1,SKU-EUX,24,138159,ZAR
EXT-630005,CUST-07,2024-07-25,1,SKU-DEY,5,199519,ZAR
EXT-630005,CUST-07,2024-07-25,2,SKU-CUX,11,238451,ZAR
EXT-630005,CUST-07,2024-07-25,3,SKU-EAZ,16,234595,ZAR
EXT-630043,CUST-04,2024-06-22,1,SKU-BAX,20,171723,ZAR
EXT-630125,CUST-14,2024-06-11,1,SKU-EAX,24,89565,ZAR
EXT-630125,CUST-14,2024-06-11,2,SKU-AOY,5,177789,ZAR
EXT-630411,CUST-11,2024-07-07,1,SKU-COX,20,83441,ZAR
EXT-630411,CUST-11,2024-07-07,2,SKU-AIX,18,175219,ZAR
EXT-630411,CUST-11,2024-07-07,3,SKU-AIZ,15,5472,ZAR
EXT-3021,CUST-10,2024-07-11,1,SKU-DOY,17,12692,ZAR
EXT-3021,CUST-10,2024-07-11,2,SKU-DAY,3,209897,ZAR
EXT-3021,CUST-10,2024-07-11,3,SKU-FUY,13,118813,ZAR
EXT-3021,CUST-10,2024-07-11,4,SKU-FOY,7,149009,ZAR
EXT-630332,CUST-05,2024-06-01,1,SKU-AOX,10,32798,ZAR
EXT-630332,CUST-05,2024-06-01,2,SKU-GOX,11,192167,ZAR
EXT-630332,CUST-05,2024-06-01,3,SKU-FIY,17,63017,ZAR
EXT-630056,CUST-19,2024-06-21,1,SKU-FUX,4,192612,ZAR
EXT-630056,CUST-19,2024-06-21,2,SKU-GOY,23,108922,ZAR
EXT-630359,CUST-05,2024-06-20,1,SKU-BUY,21,158700,ZAR
EXT-630359,CUST-05,2024-06-20,2,SKU-FUX,4,95374,ZAR
EXT-630359,CUST-05,2024-06-20,3,SKU-DAX,25,65742,ZAR
EXT-630163,CUST-15,2024-07-13,1,SKU-DEY,3,75055,ZAR
EXT-630163,CUST-15,2024-07-13,2,SKU-BIY,16,76702,ZAR
EXT-630041,CUST-17,2024-07-26,1,SKU-CEZ,25,152468,ZAR
EXT-630041,CUST-17,2024-07-26,2,SKU-BUX,20,61309,ZAR
EXT-630041,CUST-17,2024-07-26,3,SKU-HAZ,11,95771,ZAR
EXT-630393,CUST-02,2024-06-21,1,SKU-BAX,10,135740,ZAR
EXT-630272,CUST-17,2024-07-16,1,SKU-AUY,13,205047,ZAR
EXT-630272,CUST-17,2024-07-16,2,SKU-GUX,8,6703,ZAR
EXT-630423,CUST-17,2024-07-04,1,SKU-AEX,11,113608,ZAR
EXT-630423,CUST-17,2024-07-04,2,SKU-BOZ,19,133797,ZAR
EXT-630423,CUST-17,2024-07-04,3,SKU-GOX,4,207577,ZAR
EXT-630233,CUST-20,2024-07-16,1,SKU-AAZ,11,146093,ZAR
EXT-1009,CUST-03,2024-07-12,1,SKU-PPP,3,3300,ZAR
EXT-630320,CUST-18,2024-07-15,1,SKU-EIY,8,200225,ZAR
EXT-630316,CUST-06,2024-07-22,1,SKU-BIZ,18,224154,ZAR
EXT-630007,CUST-02,2024-07-05,1,SKU-GIX,2,214160,ZAR
EXT-630469,CUST-10,2024-07-21,1,SKU-GEY,20,33058,ZAR
EXT-630469,CUST-10,2024-07-21,2,SKU-HEY,6,248117,ZAR
EXT-630469,CUST-10,2024-07-21,3,SKU-DEY,4,58019,ZAR
EXT-630044,CUST-03,2024-07-27,1,SKU-AIX,8,123513,ZAR
EXT-630044,CUST-03,2024-07-27,2,SKU-DAX,7,188652,ZAR
EXT-630418,CUST-17,2024-06-13,1,SKU-EIX,18,214898,ZAR
EXT-630418,CUST-17,2024-06-13,2,SKU-AUX,5,133267,ZAR
EXT-630253,CUST-17,2024-07-24,1,SKU-BUZ,5,38651,ZAR
EXT-630253,CUST-17,2024-07-24,2,SKU-FUX,3,223791,ZAR
EXT-630253,CUST-17,2024-07-24,3,SKU-DAZ,7,56393,ZAR
EXT-630081,CUST-15,2024-07-11,1,SKU-HIX,24,192979,ZAR
EXT-630299,CUST-11,2024-07-14,1,SKU-DIZ,25,127301,ZAR
EXT-630126,CUST-16,2024-07-08,1,SKU-BAX,12,135055,ZAR
EXT-630211,CUST-02,2024-06-04,1,SKU-GOZ,19,5349,ZAR
EXT-630382,CUST-07,2024-06-04,1,SKU-FOY,17,248284,ZAR
EXT-630382,CUST-07,2024-06-04,2,SKU-FOX,13,123857,ZAR
EXT-630010,CUST-08,2024-07-01,1,SKU-BAX,20,170720,ZAR
EXT-630010,CUST-08,2024-07-01,2,SKU-AIZ,11,183441,ZAR
EXT-630095,CUST-13,2024-07-24,1,SKU-COX,6,184937,ZAR
EXT-630095,CUST-13,2024-07-24,2,SKU-EUX,4,222569,ZAR
EXT-630095,CUST-13,2024-07-24,3,SKU-HEY,8,143387,ZAR
EXT-630461,CUST-01,2024-07-13,1,SKU-DIZ,15,135624,ZAR
EXT-630307,CUST-06,2024-07-10,1,SKU-HOX,3,904,ZAR
EXT-630307,CUST-06,2024-07-10,2,SKU-GOY,2,124495,ZAR
EXT-630307,CUST-06,2024-07-10,3,SKU-BUX,3,113728,ZAR
EXT-630319,CUST-13,2024-07-17,1,SKU-HIX,19,66952,ZAR
EXT-630319,CUST-13,2024-07-17,2,SKU-HAX,8,167652,ZAR
EXT-630319,CUST-13,2024-07-17,3,SKU-HOZ,11,37628,ZAR
EXT-630161,CUST-17,2024-06-02,1,SKU-AEZ,9,93715,ZAR
EXT-630251,CUST-09,2024-07-15,1,SKU-BIY,11,207508,ZAR
EXT-630231,CUST-12,2024-06-02,1,SKU-HAZ,21,242809,ZAR
EXT-630231,CUST-12,2024-06-02,2,SKU-BIZ,4,209500,ZAR
EXT-630046,CUST-13,2024-06-21,1,SKU-HOX,22,141611,ZAR
EXT-630457,CUST-14,2024-07-20,1,SKU-HAZ,15,167287,ZAR
EXT-630457,CUST-14,2024-07-20,2,SKU-DOY,6,175094,ZAR
EXT-630457,CUST-14,2024-07-20,3,SKU-GUX,10,22260,ZAR
EXT-630414,CUST-14,2024-06-13,1,SKU-BIZ,14,83385,ZAR
EXT-630264,CUST-12,2024-06-18,1,SKU-FOX,23,121720,ZAR
EXT-630264,CUST-12,2024-06-18,2,SKU-COX,12,152060,ZAR
EXT-630264,CUST-12,2024-06-18,3,SKU-FAZ,11,67780,ZAR
EXT-630292,CUST-05,2024-06-17,1,SKU-EAY,4,182455,ZAR
EXT-630208,CUST-06,2024-06-26,1,SKU-GUY,7,14572,ZAR
EXT-630208,CUST-06,2024-06-26,2,SKU-HOZ,20,114411,ZAR
EXT-630269,CUST-12,2024-06-12,1,SKU-DIX,11,185073,ZAR
EXT-630136,CUST-09,2024-06-17,1,SKU-BUY,22,131599,ZAR
EXT-630061,CUST-04,2024-06-17,1,SKU-AUX,9,196498,ZAR
EXT-630456,CUST-12,2024-06-24,1,SKU-EEZ,6,32183,ZAR
EXT-630456,CUST-12,2024-06-24,2,SKU-BUY,1,38100,ZAR
EXT-630455,CUST-18,2024-06-22,1,SKU-DEY,2,40466,ZAR
EXT-630455,CUST-18,2024-06-22,2,SKU-DUY,9,41242,ZAR
EXT-630255,CUST-03,2024-06-11,1,SKU-GUY,19,154788,ZAR
EXT-630471,CUST-09,2024-07-25,1,SKU-AEY,3,100344,ZAR
EXT-630471,CUST-09,2024-07-25,2,SKU-BIX,12,64035,ZAR
EXT-630140,CUST-04,2024-07-23,1,SKU-GUX,17,2157,ZAR
EXT-630140,CUST-04,2024-07-23,2,SKU-BAY,1,201560,ZAR
EXT-630140,CUST-04,2024-07-23,3,SKU-BIY,20,10440,ZAR
EXT-630296,CUST-07,2024-06-04,1,SKU-HUZ,8,197506,ZAR
EXT-630296,CUST-07,2024-06-04,2,SKU-AOZ,5,195745,ZAR
EXT-630188,CUST-05,2024-06-08,1,SKU-HIY,7,107930,ZAR
EXT-630314,CUST-12,2024-07-05,1,SKU-BOZ,8,230940,ZAR
EXT-630040,CUST-17,2024-06-05,1,SKU-DIY,2,63417,ZAR
EXT-630040,CUST-17,2024-06-05,2,SKU-CAY,22,221597,ZAR
EXT-630278,CUST-16,2024-07-07,1,SKU-HOX,22,111474,ZAR
EXT-630179,CUST-04,2024-06-26,1,SKU-GEY,12,211609,ZAR
EXT-630179,CUST-04,2024-06-26,2,SKU-EUX,25,85359,ZAR
EXT-630179,CUST-04,2024-06-26,3,SKU-AAX,20,94888,ZAR
EXT-630372,CUST-03,2024-07-24,1,SKU-EOX,19,117790,ZAR
EXT-630372,CUST-03,2024-07-24,2,SKU-AUZ,10,61075,ZAR
EXT-630372,CUST-03,2024-07-24,3,SKU-DUZ,15,202724,ZAR
EXT-630287,CUST-19,2024-06-01,1,SKU-GAX,9,207264,ZAR
EXT-630287,CUST-19,2024-06-01,2,SKU-AEZ,4,131426,ZAR
EXT-630287,CUST-19,2024-06-01,3,SKU-AIY,12,54680,ZAR
EXT-630169,CUST-19,2024-07-23,1,SKU-BUY,20,190572,ZAR
EXT-630169,CUST-19,2024-07-23,2,SKU-FAX,3,136050,ZAR
EXT-630169,CUST-19,2024-07-23,3,SKU-DUX,17,138813,ZAR
EXT-630308,CUST-13,2024-07-22,1,SKU-DAX,1,102065,ZAR
EXT-630308,CUST-13,2024-07-22,2,SKU-CEY,1,64512,ZAR
EXT-630308,CUST-13,2024-07-22,3,SKU-EOY,15,67398,ZAR
EXT-630151,CUST-10,2024-06-18,1,SKU-HEX,17,15263,ZAR
EXT-630151,CUST-10,2024-06-18,2,SKU-GIY,1,184443,ZAR
EXT-630151,CUST-10,2024-06-18,3,SKU-DEZ,7,222826,ZAR
EXT-630323,CUST-11,2024-07-25,1,SKU-BOY,14,184439,ZAR
EXT-630323,CUST-11,2024-07-25,2,SKU-FUZ,13,2189,ZAR
EXT-630412,CUST-13,2024-06-16,1,SKU-CAY,13,223283,ZAR
EXT-630412,CUST-13,2024-06-16,2,SKU-FEY,6,2767,ZAR
EXT-630412,CUST-13,2024-06-16,3,SKU-FIZ,11,170092,ZAR
EXT-1003,CUST-03,2024-07-05,1,SKU-DDD,1,17000,ZAR
EXT-630230,CUST-12,2024-07-01,1,SKU-GUY,17,187359,ZAR
EXT-630230,CUST-12,2024-07-01,2,SKU-GIZ,5,160653,ZAR
EXT-630189,CUST-09,2024-06-06,1,SKU-FEZ,25,21905,ZAR
EXT-630189,CUST-09,2024-06-06,2,SKU-HIY,5,234778,ZAR
EXT-630189,CUST-09,2024-06-06,3,SKU-CAY,11,21302,ZAR
EXT-630328,CUST-11,2024-07-08,1,SKU-CAZ,5,63174,ZAR
EXT-630042,CUST-16,2024-07-15,1,SKU-AOZ,6,199310,ZAR
EXT-630042,CUST-16,2024-07-15,2,SKU-BUZ,14,220331,ZAR
EXT-630042,CUST-16,2024-07-15,3,SKU-AAY,5,158014,ZAR
EXT-630434,CUST-13,2024-06-21,1,SKU-HIX,16,88553,ZAR
EXT-630018,CUST-06,2024-07-28,1,SKU-GIX,2,100416,ZAR
EXT-630018,CUST-06,2024-07-28,2,SKU-HIX,8,44316,ZAR
EXT-630018,CUST-06,2024-07-28,3,SKU-HEZ,2,78765,ZAR
EXT-630283,CUST-02,2024-07-20,1,SKU-GEZ,14,75798,ZAR
EXT-630283,CUST-02,2024-07-20,2,SKU-DOY,20,40066,ZAR
EXT-630234,CUST-04,2024-06-14,1,SKU-EAZ,15,108419,ZAR
EXT-630234,CUST-04,2024-06-14,2,SKU-EIX,13,74339,ZAR
EXT-630424,CUST-03,2024-07-09,1,SKU-HOX,9,38262,ZAR
EXT-630124,CUST-14,2024-06-22,1,SKU-DUY,3,80549,ZAR
EXT-630124,CUST-14,2024-06-22,2,SKU-CAY,12,149676,ZAR
EXT-630124,CUST-14,2024-06-22,3,SKU-GOX,22,75613,ZAR
EXT-630093,CUST-19,2024-06-18,1,SKU-COY,25,124529,ZAR
EXT-630360,CUST-07,2024-07-01,1,SKU-FOZ,1,113709,ZAR
EXT-630360,CUST-07,2024-07-01,2,SKU-FEZ,12,177693,ZAR
EXT-630360,CUST-07,2024-07-01,3,SKU-DAZ,18,242038,ZAR
EXT-630024,CUST-01,2024-06-04,1,SKU-GAZ,17,234149,ZAR
EXT-630024,CUST-01,2024-06-04,2,SKU-BOY,13,67156,ZAR
EXT-630388,CUST-07,2024-07-23,1,SKU-COX,24,59620,ZAR
EXT-3003,CUST-02,2024-07-12,1,SKU-AIZ,2,150975,ZAR
EXT-3003,CUST-02,2024-07-12,2,SKU-FAY,24,104865,ZAR
EXT-630048,CUST-12,2024-07-02,1,SKU-HAX,23,199066,ZAR
EXT-630048,CUST-12,2024-07-02,2,SKU-EIZ,19,40613,ZAR
EXT-630048,CUST-12,2024-07-02,3,SKU-AOZ,2,180406,ZAR
EXT-630252,CUST-07,2024-06-13,1,SKU-DIY,16,155718,ZAR
EXT-630252,CUST-07,2024-06-13,2,SKU-BUX,19,18044,ZAR
EXT-630088,CUST-06,2024-07-26,1,SKU-GAX,3,33950,ZAR
EXT-630088,CUST-06,2024-07-26,2,SKU-HUZ,18,146208,ZAR
EXT-630262,CUST-19,2024-06-25,1,SKU-DAX,10,26907,ZAR
EXT-630262,CUST-19,2024-06-25,2,SKU-FAX,15,231100,ZAR
EXT-630262,CUST-19,2024-06-25,3,SKU-EIX,12,70167,ZAR
EXT-630073,CUST-12,2024-06-24,1,SKU-BEX,3,216954,ZAR
EXT-630154,CUST-10,2024-06-13,1,SKU-HOX,5,15969,ZAR
EXT-630154,CUST-10,2024-06-13,2,SKU-FEX,25,215057,ZAR
EXT-630132,CUST-14,2024-06-04,1,SKU-BUX,8,239546,ZAR
EXT-630132,CUST-14,2024-06-04,2,SKU-EUZ,21,120516,ZAR
EXT-630173,CUST-02,2024-06-16,1,SKU-AIZ,25,191191,ZAR
EXT-630173,CUST-02,2024-06-16,2,SKU-EIZ,3,92476,ZAR
EXT-630173,CUST-02,2024-06-16,3,SKU-EIX,9,87939,ZAR
EXT-630070,CUST-02,2024-06-15,1,SKU-HOX,6,215001,ZAR
EXT-630070,CUST-02,2024-06-15,2,SKU-BIX,11,222733,ZAR
EXT-630070,CUST-02,2024-06-15,3,SKU-GIY,14,247937,ZAR
EXT-630193,CUST-18,2024-06-28,1,SKU-DAY,18,123688,ZAR
EXT-630116,CUST-14,2024-07-16,1,SKU-DIY,13,108223,ZAR
EXT-630116,CUST-14,2024-07-16,2,SKU-DIY,16,11114,ZAR
EXT-630036,CUST-02,2024-07-11,1,SKU-FAX,7,144054,ZAR
EXT-630036,CUST-02,2024-07-11,2,SKU-FOY,1,95372,ZAR
EXT-630217,CUST-17,2024-07-16,1,SKU-FUY,18,58346,ZAR
EXT-630217,CUST-17,2024-07-16,2,SKU-EOX,5,167551,ZAR
EXT-630477,CUST-16,2024-07-22,1,SKU-GAY,9,87284,ZAR
EXT-630427,CUST-09,2024-06-28,1,SKU-BEX,9,19065,ZAR
EXT-630427,CUST-09,2024-06-28,2,SKU-AUY,21,225201,ZAR
EXT-630427,CUST-09,2024-06-28,3,SKU-FAY,23,103050,ZAR
EXT-630441,CUST-17,2024-07-14,1,SKU-BEY,12,240689,ZAR
EXT-630286,CUST-04,2024-07-11,1,SKU-DIY,14,94178,ZAR
EXT-630369,CUST-02,2024-06-04,1,SKU-BUZ,24,116095,ZAR
EXT-630369,CUST-02,2024-06-04,2,SKU-HIY,5,92012,ZAR
EXT-9308,CUST-12,2024-07-13,x,SKU-QCH,2,1000,ZAR
EXT-630218,CUST-14,2024-07-01,1,SKU-AOX,7,96954,ZAR
EXT-630218,CUST-14,2024-07-01,2,SKU-FOX,24,50909,ZAR
EXT-630218,CUST-14,2024-07-01,3,SKU-AEZ,12,152995,ZAR
EXT-630317,CUST-01,2024-07-14,1,SKU-EIZ,5,179708,ZAR
EXT-630279,CUST-08,2024-07-24,1,SKU-CUY,1,158880,ZAR
EXT-630279,CUST-08,2024-07-24,2,SKU-DIY,17,243443,ZAR
EXT-630026,CUST-03,2024-07-27,1,SKU-GOZ,8,2900,ZAR
EXT-630026,CUST-03,2024-07-27,2,SKU-EUZ,13,226429,ZAR
EXT-630026,CUST-03,2024-07-27,3,SKU-COZ,17,173189,ZAR
EXT-630331,CUST-10,2024-07-15,1,SKU-GAZ,10,214779,ZAR
EXT-630331,CUST-10,2024-07-15,2,SKU-BUX,2,220638,ZAR
EXT-630331,CUST-10,2024-07-15,3,SKU-AUY,25,168409,ZAR
EXT-9312,CUST-12,2024-07-13,1
EXT-630062,CUST-11,2024-07-12,1,SKU-AUZ,11,73390,ZAR
EXT-630249,CUST-15,2024-06-02,1,SKU-AAY,21,211451,ZAR
EXT-630249,CUST-15,2024-06-02,2,SKU-HEY,22,78839,ZAR
EXT-630249,CUST-15,2024-06-02,3,SKU-BAX,14,135894,ZAR
EXT-630096,CUST-10,2024-06-20,1,SKU-FEZ,24,237278,ZAR
EXT-630096,CUST-10,2024-06-20,2,SKU-DUY,3,69861,ZAR
EXT-630133,CUST-07,2024-07-09,1,SKU-COZ,12,150058,ZAR
EXT-630466,CUST-18,2024-07-02,1,SKU-HEZ,4,6781,ZAR
EXT-630415,CUST-14,2024-07-24,1,SKU-DAY,2,167660,ZAR
EXT-630415,CUST-14,2024-07-24,2,SKU-CIX,2,79468,ZAR
EXT-630250,CUST-11,2024-07-01,1,SKU-BAZ,12,243661,ZAR
EXT-630374,CUST-12,2024-07-20,1,SKU-EOZ,18,160808,ZAR
EXT-630374,CUST-12,2024-07-20,2,SKU-FAZ,4,32866,ZAR
EXT-630374,CUST-12,2024-07-20,3,SKU-HIZ,18,209264,ZAR
EXT-630174,CUST-06,2024-07-19,1,SKU-GIZ,10,219418,ZAR
EXT-630174,CUST-06,2024-07-19,2,SKU-AUX,19,2561,ZAR
EXT-630174,CUST-06,2024-07-19,3,SKU-EEY,1,9768,ZAR
EXT-630391,CUST-15,2024-07-18,1,SKU-DUX,17,184320,ZAR
EXT-630391,CUST-15,2024-07-18,2,SKU-HOX,4,167507,ZAR
EXT-630391,CUST-15,2024-07-18,3,SKU-AAX,14,189120,ZAR
EXT-630214,CUST-11,2024-06-09,1,SKU-BOZ,23,207892,ZAR
EXT-630214,CUST-11,2024-06-09,2,SKU-HEZ,12,201169,ZAR
EXT-630214,CUST-11,2024-06-09,3,SKU-FAX,19,119462,ZAR
EXT-630452,CUST-14,2024-06-15,1,SKU-HUY,8,92716,ZAR
EXT-630357,CUST-03,2024-07-18,1,SKU-FAZ,3,197157,ZAR
EXT-630357,CUST-03,2024-07-18,2,SKU-GOZ,3,20783,ZAR
EXT-630357,CUST-03,2024-07-18,3,SKU-HEZ,11,202619,ZAR
EXT-9307,CUST-12,2024-07-13,1,SKU-QCG,-9,1000,ZAR
EXT-630131,CUST-07,2024-06-03,1,SKU-CUX,8,34675,ZAR
EXT-630131,CUST-07,2024-06-03,2,SKU-AOX,12,76788,ZAR
EXT-630131,CUST-07,2024-06-03,3,SKU-BIX,21,35858,ZAR
EXT-630290,CUST-19,2024-06-01,1,SKU-HIY,22,79740,ZAR
EXT-630290,CUST-19,2024-06-01,2,SKU-EAZ,5,242206,ZAR
EXT-630476,CUST-14,2024-07-13,1,SKU-EAY,6,179460,ZAR
EXT-630343,CUST-11,2024-07-08,1,SKU-AEY,18,113515,ZAR
EXT-630343,CUST-11,2024-07-08,2,SKU-DEY,5,209988,ZAR
EXT-630343,CUST-11,2024-07-08,3,SKU-AAZ,8,173726,ZAR
EXT-3041,CUST-03,2024-06-18,1,SKU-FEX,20,115973,ZAR
EXT-630366,CUST-02,2024-06-09,1,SKU-GOZ,10,151928,ZAR
EXT-630349,CUST-12,2024-06-25,1,SKU-BOY,10,20027,ZAR
EXT-630349,CUST-12,2024-06-25,2,SKU-BIX,20,201648,ZAR
EXT-630032,CUST-16,2024-06-13,1,SKU-EOX,12,50072,ZAR
EXT-630032,CUST-16,2024-06-13,2,SKU-HEX,1,72700,ZAR
EXT-630337,CUST-11,2024-07-09,1,SKU-EOX,14,75476,ZAR
EXT-630337,CUST-11,2024-07-09,2,SKU-AIX,8,201345,ZAR
EXT-630117,CUST-08,2024-06-23,1,SKU-AAX,22,100540,ZAR
EXT-630117,CUST-08,2024-06-23,2,SKU-AAY,17,167007,ZAR
EXT-630335,CUST-19,2024-07-09,1,SKU-DOX,13,7997,ZAR
EXT-630345,CUST-12,2024-06-12,1,SKU-EAZ,15,65834,ZAR
EXT-630030,CUST-20,2024-06-18,1,SKU-AIZ,19,6001,ZAR
EXT-630030,CUST-20,2024-06-18,2,SKU-GUZ,6,179593,ZAR
EXT-630030,CUST-20,2024-06-18,3,SKU-COY,4,96901,ZAR
EXT-630187,CUST-09,2024-06-14,1,SKU-DOZ,19,97695,ZAR
EXT-630187,CUST-09,2024-06-14,2,SKU-FOY,14,63088,ZAR
EXT-630401,CUST-11,2024-06-28,1,SKU-CEZ,1,34631,ZAR
EXT-630401,CUST-11,2024-06-28,2,SKU-DAY,19,184223,ZAR
EXT-630401,CUST-11,2024-06-28,3,SKU-CAY,22,1183,ZAR
EXT-630271,CUST-05,2024-07-06,1,SKU-DAZ,20,11960,ZAR
EXT-630271,CUST-05,2024-07-06,2,SKU-BUY,13,38329,ZAR
EXT-630271,CUST-05,2024-07-06,3,SKU-AOZ,3,184092,ZAR
EXT-630232,CUST-12,2024-06-10,1,SKU-FEX,2,211397,ZAR
EXT-630232,CUST-12,2024-06-10,2,SKU-CEY,24,214039,ZAR
EXT-630195,CUST-01,2024-06-25,1,SKU-COZ,5,72335,ZAR
EXT-630134,CUST-13,2024-07-03,1,SKU-BEX,13,149226,ZAR
EXT-630134,CUST-13,2024-07-03,2,SKU-DIX,13,173422,ZAR
EXT-630134,CUST-13,2024-07-03,3,SKU-CIX,1,173530,ZAR
EXT-630054,CUST-19,2024-07-06,1,SKU-DOZ,14,97434,ZAR
EXT-630054,CUST-19,2024-07-06,2,SKU-AAY,21,88971,ZAR
EXT-630236,CUST-16,2024-07-11,1,SKU-FOX,2,84546,ZAR
EXT-630395,CUST-04,2024-06-12,1,SKU-AUZ,12,9465,ZAR
EXT-630395,CUST-04,2024-06-12,2,SKU-GUY,4,85584,ZAR
EXT-630395,CUST-04,2024-06-12,3,SKU-AOY,16,62922,ZAR
EXT-630291,CUST-19,2024-06-28,1,SKU-EOZ,14,45257,ZAR
EXT-630291,CUST-19,2024-06-28,2,SKU-GUY,15,99066,ZAR
EXT-630146,CUST-11,2024-06-07,1,SKU-AEY,21,157240,ZAR
EXT-630146,CUST-11,2024-06-07,2,SKU-AIX,17,137501,ZAR
EXT-630146,CUST-11,2024-06-07,3,SKU-CUY,7,153559,ZAR
EXT-630086,CUST-06,2024-06-09,1,SKU-CAZ,4,84514,ZAR
EXT-630110,CUST-05,2024-07-08,1,SKU-BOZ,10,4430,ZAR
EXT-630110,CUST-05,2024-07-08,2,SKU-HIY,11,3907,ZAR
EXT-630410,CUST-10,2024-07-09,1,SKU-DEY,4,53267,ZAR
EXT-630123,CUST-01,2024-07-10,1,SKU-BIY,6,196289,ZAR
EXT-630123,CUST-01,2024-07-10,2,SKU-EEX,25,210139,ZAR
EXT-630392,CUST-19,2024-06-21,1,SKU-EIY,20,179649,ZAR
EXT-630185,CUST-15,2024-07-10,1,SKU-HAX,23,55944,ZAR
EXT-630185,CUST-15,2024-07-10,2,SKU-FUZ,11,172100,ZAR
EXT-630219,CUST-12,2024-07-15,1,SKU-FEX,10,20414,ZAR
EXT-630285,CUST-14,2024-07-15,1,SKU-GOX,1,151722,ZAR
EXT-630285,CUST-14,2024-07-15,2,SKU-COY,6,123237,ZAR
EXT-630001,CUST-17,2024-06-12,1,SKU-AOZ,7,16947,ZAR
EXT-630001,CUST-17,2024-06-12,2,SKU-COX,11,109829,ZAR
EXT-630094,CUST-17,2024-06-18,1,SKU-EAX,13,27730,ZAR
EXT-630094,CUST-17,2024-06-18,2,SKU-DOY,2,132392,ZAR
EXT-630094,CUST-17,2024-06-18,3,SKU-GOY,13,193228,ZAR
EXT-630102,CUST-18,2024-06-07,1,SKU-FEX,9,112133,ZAR
EXT-630102,CUST-18,2024-06-07,2,SKU-HUY,9,174686,ZAR
EXT-630237,CUST-15,2024-06-02,1,SKU-BAY,3,38753,ZAR
EXT-630237,CUST-15,2024-06-02,2,SKU-AIX,14,186134,ZAR
EXT-630237,CUST-15,2024-06-02,3,SKU-GUY,23,16892,ZAR
EXT-630166,CUST-09,2024-06-28,1,SKU-FIZ,5,163471,ZAR
EXT-630166,CUST-09,2024-06-28,2,SKU-HEX,20,54724,ZAR
EXT-630429,CUST-16,2024-07-07,1,SKU-AIZ,18,237191,ZAR
EXT-630071,CUST-05,2024-07-11,1,SKU-HEX,5,34691,ZAR
EXT-630256,CUST-03,2024-07-18,1,SKU-GUX,1,40452,ZAR
EXT-630199,CUST-18,2024-07-25,1,SKU-DEY,7,109735,ZAR
EXT-630396,CUST-18,2024-06-13,1,SKU-DEX,25,184643,ZAR
EXT-630396,CUST-18,2024-06-13,2,SKU-GAX,24,29432,ZAR
EXT-630436,CUST-14,2024-07-21,1,SKU-EUY,10,127079,ZAR
EXT-630436,CUST-14,2024-07-21,2,SKU-CUZ,6,182016,ZAR
EXT-630436,CUST-14,2024-07-21,3,SKU-DEY,16,249723,ZAR
EXT-630148,CUST-11,2024-07-16,1,SKU-AIY,21,118947,ZAR
EXT-630130,CUST-08,2024-07-22,1,SKU-EIX,16,177936,ZAR
EXT-630130,CUST-08,2024-07-22,2,SKU-GIZ,10,230474,ZAR
EXT-630198,CUST-09,2024-06-19,1,SKU-DUX,19,133712,ZAR
EXT-630387,CUST-19,2024-06-01,1,SKU-GUX,4,87883,ZAR
EXT-630387,CUST-19,2024-06-01,2,SKU-BOX,25,143269,ZAR
EXT-630012,CUST-06,2024-06-11,1,SKU-FEY,3,119714,ZAR
EXT-630068,CUST-10,2024-06-23,1,SKU-HEZ,8,243448,ZAR
EXT-630068,CUST-10,2024-06-23,2,SKU-CIX,21,16447,ZAR
EXT-630068,CUST-10,2024-06-23,3,SKU-FAX,5,70681,ZAR
EXT-630403,CUST-08,2024-06-06,1,SKU-GUX,22,39950,ZAR
EXT-630129,CUST-18,2024-07-27,1,SKU-BIY,21,201590,ZAR
EXT-630129,CUST-18,2024-07-27,2,SKU-CAY,7,203639,ZAR
EXT-630129,CUST-18,2024-07-27,3,SKU-GAX,25,88082,ZAR
EXT-630350,CUST-17,2024-06-13,1,SKU-FIY,24,116786,ZAR
EXT-630350,CUST-17,2024-06-13,2,SKU-AIY,18,105604,ZAR
EXT-630247,CUST-13,2024-07-18,1,SKU-GAY,3,9837,ZAR
EXT-630247,CUST-13,2024-07-18,2,SKU-FAZ,17,186664,ZAR
EXT-630247,CUST-13,2024-07-18,3,SKU-AEZ,12,133402,ZAR
EXT-630162,CUST-09,2024-07-02,1,SKU-CEX,24,86732,ZAR
EXT-630162,CUST-09,2024-07-02,2,SKU-BOX,24,43910,ZAR
EXT-630162,CUST-09,2024-07-02,3,SKU-HIY,17,73033,ZAR
EXT-630223,CUST-16,2024-06-11,1,SKU-AIY,19,31258,ZAR
EXT-630223,CUST-16,2024-06-11,2,SKU-DOZ,8,179252,ZAR
EXT-630223,CUST-16,2024-06-11,3,SKU-EIY,22,210050,ZAR
EXT-630311,CUST-08,2024-06-17,1,SKU-CAX,25,2921,ZAR
EXT-630311,CUST-08,2024-06-17,2,SKU-HEY,7,126034,ZAR
EXT-630311,CUST-08,2024-06-17,3,SKU-CEY,9,228172,ZAR
EXT-630203,CUST-19,2024-07-02,1,SKU-CUY,12,206822,ZAR
EXT-630203,CUST-19,2024-07-02,2,SKU-AEY,22,93571,ZAR
EXT-630454,CUST-12,2024-06-23,1,SKU-GAX,9,77138,ZAR
EXT-630176,CUST-18,2024-07-12,1,SKU-BEY,23,178015,ZAR
EXT-630176,CUST-18,2024-07-12,2,SKU-AEZ,22,115116,ZAR
EXT-630176,CUST-18,2024-07-12,3,SKU-EEZ,25,140497,ZAR
EXT-630365,CUST-04,2024-06-06,1,SKU-COZ,22,249342,ZAR
EXT-630365,CUST-04,2024-06-06,2,SKU-HAX,23,128182,ZAR
EXT-630365,CUST-04,2024-06-06,3,SKU-GAY,8,137204,ZAR
EXT-630063,CUST-17,2024-06-09,1,SKU-FIZ,10,207271,ZAR
EXT-630274,CUST-06,2024-07-17,1,SKU-HOX,15,157203,ZAR
EXT-630127,CUST-07,2024-06-17,1,SKU-BIX,23,45129,ZAR
EXT-630127,CUST-07,2024-06-17,2,SKU-FEZ,19,74201,ZAR
EXT-630057,CUST-19,2024-06-24,1,SKU-FOY,5,54527,ZAR
EXT-630057,CUST-19,2024-06-24,2,SKU-EIX,23,193373,ZAR
EXT-630312,CUST-20,2024-07-24,1,SKU-GAZ,10,26980,ZAR
EXT-630312,CUST-20,2024-07-24,2,SKU-DEY,7,167470,ZAR
EXT-630312,CUST-20,2024-07-24,3,SKU-DUX,9,78620,ZAR
EXT-630377,CUST-18,2024-06-25,1,SKU-HAZ,25,36602,ZAR
EXT-630293,CUST-10,2024-07-25,1,SKU-AEX,19,177929,ZAR
EXT-630288,CUST-02,2024-07-11,1,SKU-BEX,3,161365,ZAR
EXT-630288,CUST-02,2024-07-11,2,SKU-EAZ,22,76014,ZAR
EXT-630066,CUST-16,2024-07-09,1,SKU-HAY,3,245549,ZAR
EXT-630066,CUST-16,2024-07-09,2,SKU-CIY,9,157221,ZAR
EXT-630118,CUST-07,2024-06-22,1,SKU-FIX,6,114069,ZAR
EXT-630300,CUST-14,2024-06-02,1,SKU-GOZ,15,214888,ZAR
EXT-630300,CUST-14,2024-06-02,2,SKU-DEX,15,171125,ZAR
EXT-630318,CUST-05,2024-06-02,1,SKU-FEZ,4,59911,ZAR
EXT-630318,CUST-05,2024-06-02,2,SKU-GOY,12,248007,ZAR
EXT-630224,CUST-09,2024-06-10,1,SKU-CAX,14,174822,ZAR
EXT-630099,CUST-17,2024-07-24,1,SKU-DEY,16,186504,ZAR
EXT-630402,CUST-15,2024-06-08,1,SKU-AUY,21,29149,ZAR
EXT-630385,CUST-03,2024-06-28,1,SKU-COY,2,36237,ZAR
EXT-630303,CUST-19,2024-06-12,1,SKU-CUZ,5,236662,ZAR
EXT-630447,CUST-07,2024-06-14,1,SKU-FIY,16,86709,ZAR
EXT-630404,CUST-12,2024-07-02,1,SKU-BUZ,25,105064,ZAR
EXT-630268,CUST-19,2024-06-02,1,SKU-FAY,3,230745,ZAR
EXT-630268,CUST-19,2024-06-02,2,SKU-CUZ,25,116016,ZAR
EXT-630045,CUST-07,2024-06-10,1,SKU-DAY,23,207131,ZAR
EXT-630045,CUST-07,2024-06-10,2,SKU-HUX,2,146121,ZAR
EXT-630045,CUST-07,2024-06-10,3,SKU-DIY,16,241462,ZAR
EXT-630449,CUST-10,2024-07-10,1,SKU-CEX,13,64095,ZAR
EXT-630449,CUST-10,2024-07-10,2,SKU-EAZ,5,104459,ZAR
EXT-630091,CUST-20,2024-07-26,1,SKU-EUX,13,61337,ZAR
EXT-630091,CUST-20,2024-07-26,2,SKU-HEZ,13,205680,ZAR
EXT-630091,CUST-20,2024-07-26,3,SKU-FUX,25,217064,ZAR
EXT-630020,CUST-20,2024-06-08,1,SKU-BIZ,20,179273,ZAR
EXT-630020,CUST-20,2024-06-08,2,SKU-FUY,17,166993,ZAR

EXT-630089,CUST-04,2024-07-18,1,SKU-AIY,20,185902,ZAR
EXT-630089,CUST-04,2024-07-18,2,SKU-FUX,8,195805,ZAR
EXT-630463,CUST-15,2024-06-02,1,SKU-DAZ,6,20451,ZAR
EXT-630463,CUST-15,2024-06-02,2,SKU-BUZ,8,225005,ZAR
EXT-630463,CUST-15,2024-06-02,3,SKU-CUY,6,130427,ZAR
EXT-630309,CUST-05,2024-07-19,1,SKU-FOY,2,140093,ZAR
EXT-630309,CUST-05,2024-07-19,2,SKU-EEX,3,48180,ZAR
EXT-630309,CUST-05,2024-07-19,3,SKU-GOZ,2,152635,ZAR
EXT-630108,CUST-15,2024-07-24,1,SKU-BEY,6,26436,ZAR
EXT-630108,CUST-15,2024-07-24,2,SKU-FAZ,8,133635,ZAR
EXT-630108,CUST-15,2024-07-24,3,SKU-CAY,14,80426,ZAR
EXT-3031,CUST-03,2024-06-12,1,SKU-EOX,30,59734,ZAR
EXT-3031,CUST-03,2024-06-12,2,SKU-DEX,4,170962,ZAR
EXT-3031,CUST-03,2024-06-12,3,SKU-BEX,5,106175,ZAR
EXT-630425,CUST-17,2024-06-27,1,SKU-DOZ,23,119887,ZAR
EXT-630425,CUST-17,2024-06-27,2,SKU-BAZ,2,72067,ZAR
EXT-630425,CUST-17,2024-06-27,3,SKU-BAY,3,98757,ZAR
EXT-630362,CUST-06,2024-06-22,1,SKU-DEX,24,143670,ZAR
EXT-630362,CUST-06,2024-06-22,2,SKU-FAX,17,146837,ZAR
EXT-630362,CUST-06,2024-06-22,3,SKU-GEX,23,77364,ZAR
EXT-630006,CUST-14,2024-07-21,1,SKU-EIZ,19,56223,ZAR
EXT-630006,CUST-14,2024-07-21,2,SKU-GEX,18,196015,ZAR
EXT-630077,CUST-11,2024-07-14,1,SKU-HIZ,24,52958,ZAR
EXT-630077,CUST-11,2024-07-14,2,SKU-CAX,16,73698,ZAR
EXT-630077,CUST-11,2024-07-14,3,SKU-AIX,6,62813,ZAR
EXT-630004,CUST-05,2024-06-28,1,SKU-BIY,18,122468,ZAR
EXT-630004,CUST-05,2024-06-28,2,SKU-AEX,10,199052,ZAR
EXT-630348,CUST-01,2024-06-10,1,SKU-EUY,12,71278,ZAR
EXT-630348,CUST-01,2024-06-10,2,SKU-COX,4,210014,ZAR
EXT-630348,CUST-01,2024-06-10,3,SKU-EIX,17,178582,ZAR
EXT-630050,CUST-12,2024-06-19,1,SKU-BOZ,5,45643,ZAR
EXT-630050,CUST-12,2024-06-19,2,SKU-BUY,8,109061,ZAR
EXT-630394,CUST-19,2024-06-11,1,SKU-BIY,18,190129,ZAR
EXT-630383,CUST-17,2024-07-08,1,SKU-AEX,11,91654,ZAR
EXT-630192,CUST-08,2024-06-12,1,SKU-CEZ,13,72652,ZAR
EXT-630380,CUST-03,2024-06-18,1,SKU-AIZ,12,236548,ZAR
EXT-630380,CUST-03,2024-06-18,2,SKU-HEX,3,120367,ZAR
EXT-630297,CUST-12,2024-06-02,1,SKU-AEX,3,207923,ZAR
EXT-630297,CUST-12,2024-06-02,2,SKU-HIX,21,40324,ZAR
EXT-630297,CUST-12,2024-06-02,3,SKU-GOY,25,32445,ZAR
EXT-630082,CUST-03,2024-07-03,1,SKU-AAX,7,18904,ZAR
EXT-630440,CUST-02,2024-07-12,1,SKU-AOX,4,122822,ZAR
EXT-630440,CUST-02,2024-07-12,2,SKU-AOZ,8,235092,ZAR
EXT-630298,CUST-05,2024-06-03,1,SKU-BAZ,19,111839,ZAR
EXT-630298,CUST-05,2024-06-03,2,SKU-GIY,19,26043,ZAR
EXT-630298,CUST-05,2024-06-03,3,SKU-CUZ,16,109154,ZAR
EXT-630420,CUST-11,2024-07-05,1,SKU-DAX,25,100383,ZAR
EXT-630420,CUST-11,2024-07-05,2,SKU-HEY,14,119173,ZAR
EXT-630420,CUST-11,2024-07-05,3,SKU-GOZ,5,232914,ZAR
EXT-630400,CUST-08,2024-07-26,1,SKU-HUY,21,232493,ZAR
EXT-630400,CUST-08,2024-07-26,2,SKU-COZ,15,145524,ZAR
EXT-630400,CUST-08,2024-07-26,3,SKU-AIY,16,152340,ZAR
EXT-630419,CUST-18,2024-06-09,1,SKU-AAZ,18,153395,ZAR
EXT-630023,CUST-07,2024-07-11,1,SKU-BOX,20,180577,ZAR
EXT-630023,CUST-07,2024-07-11,2,SKU-HAY,16,45654,ZAR
EXT-630023,CUST-07,2024-07-11,3,SKU-EAX,12,244088,ZAR
EXT-630397,CUST-14,2024-07-20,1,SKU-HIY,2,126102,ZAR
EXT-630340,CUST-10,2024-07-11,1,SKU-FAY,22,135472,ZAR
EXT-630340,CUST-10,2024-07-11,2,SKU-GUX,20,163240,ZAR
EXT-630340,CUST-10,2024-07-11,3,SKU-EOZ,5,133274,ZAR
EXT-630200,CUST-07,2024-07-14,1,SKU-DEZ,21,116574,ZAR
EXT-630021,CUST-04,2024-06-04,1,SKU-CAY,11,23697,ZAR
EXT-630254,CUST-09,2024-06-19,1,SKU-EEX,11,141000,ZAR
EXT-630254,CUST-09,2024-06-19,2,SKU-BEX,5,213766,ZAR
EXT-630254,CUST-09,2024-06-19,3,SKU-DIZ,15,94618,ZAR
EXT-3054,CUST-14,2024-06-08,1,SKU-EOX,13,8101,ZAR
EXT-630355,CUST-15,2024-07-13,1,SKU-FAY,13,192742,ZAR
EXT-3055,CUST-13,2024-07-01,1,SKU-HEZ,23,210478,ZAR
EXT-3055,CUST-13,2024-07-01,2,SKU-BUY,17,193332,ZAR
EXT-3055,CUST-13,2024-07-01,3,SKU-HIZ,21,119183,ZAR
EXT-3055,CUST-13,2024-07-01,4,SKU-EIZ,18,119830,ZAR
EXT-630228,CUST-20,2024-06-04,1,SKU-DAZ,8,106804,ZAR
EXT-630228,CUST-20,2024-06-04,2,SKU-EEX,8,77057,ZAR
EXT-630228,CUST-20,2024-06-04,3,SKU-EEY,18,145819,ZAR
EXT-630376,CUST-01,2024-06-04,1,SKU-HUZ,3,91176,ZAR
EXT-630376,CUST-01,2024-06-04,2,SKU-CIX,7,23521,ZAR
EXT-630376,CUST-01,2024-06-04,3,SKU-FAX,9,174939,ZAR
EXT-630171,CUST-09,2024-06-01,1,SKU-GEY,17,133263,ZAR
EXT-630171,CUST-09,2024-06-01,2,SKU-DAY,4,180032,ZAR
EXT-630171,CUST-09,2024-06-01,3,SKU-GUY,23,128607,ZAR
EXT-630022,CUST-14,2024-07-12,1,SKU-DAY,19,156530,ZAR
EXT-630022,CUST-14,2024-07-12,2,SKU-COY,13,57808,ZAR
EXT-630022,CUST-14,2024-07-12,3,SKU-CIY,9,186730,ZAR
EXT-630105,CUST-06,2024-06-28,1,SKU-FIX,14,123792,ZAR
EXT-630105,CUST-06,2024-06-28,2,SKU-BAZ,1,249995,ZAR
EXT-630390,CUST-10,2024-07-27,1,SKU-EOY,4,78163,ZAR
EXT-630111,CUST-14,2024-06-21,1,SKU-BIZ,19,185784,ZAR
EXT-630111,CUST-14,2024-06-21,2,SKU-DIX,5,138707,ZAR
EXT-630111,CUST-14,2024-06-21,3,SKU-FEZ,5,175241,ZAR
EXT-630029,CUST-07,2024-06-04,1,SKU-FAX,5,200772,ZAR
EXT-630326,CUST-07,2024-07-12,1,SKU-EAZ,10,59892,ZAR
EXT-630078,CUST-10,2024-06-24,1,SKU-GEX,25,173076,ZAR
EXT-630065,CUST-09,2024-07-25,1,SKU-DIX,25,171738,ZAR
EXT-630065,CUST-09,2024-07-25,2,SKU-EEY,4,59286,ZAR
EXT-630098,CUST-08,2024-06-15,1,SKU-BIZ,9,145068,ZAR
EXT-630467,CUST-04,2024-07-03,1,SKU-FEY,24,54809,ZAR
EXT-630467,CUST-04,2024-07-03,2,SKU-GAY,1,145341,ZAR
EXT-630226,CUST-01,2024-06-27,1,SKU-COZ,20,125197,ZAR
EXT-630226,CUST-01,2024-06-27,2,SKU-CAX,4,108842,ZAR
EXT-630109,CUST-09,2024-06-14,1,SKU-AAX,16,84613,ZAR
EXT-630109,CUST-09,2024-06-14,2,SKU-FAY,16,96177,ZAR
EXT-630109,CUST-09,2024-06-14,3,SKU-HAY,15,219581,ZAR
EXT-630002,CUST-17,2024-07-27,1,SKU-GIX,23,113643,ZAR
EXT-630002,CUST-17,2024-07-27,2,SKU-CAZ,10,118906,ZAR
EXT-630002,CUST-17,2024-07-27,3,SKU-CAZ,16,227175,ZAR
EXT-630302,CUST-20,2024-06-06,1,SKU-BEY,14,123569,ZAR
EXT-630152,CUST-07,2024-06-06,1,SKU-EAX,10,68053,ZAR
EXT-630152,CUST-07,2024-06-06,2,SKU-GIZ,17,214585,ZAR
EXT-630451,CUST-02,2024-06-12,1,SKU-HIX,14,119842,ZAR
EXT-630451,CUST-02,2024-06-12,2,SKU-GUY,15,137916,ZAR
EXT-630451,CUST-02,2024-06-12,3,SKU-COZ,4,14487,ZAR
EXT-630432,CUST-12,2024-06-28,1,SKU-HIY,9,180906,ZAR
EXT-630150,CUST-02,2024-06-18,1,SKU-DAZ,8,58724,ZAR
EXT-630315,CUST-01,2024-06-12,1,SKU-CEY,24,243286,ZAR
EXT-630437,CUST-08,2024-06-23,1,SKU-AOX,24,21368,ZAR
EXT-630437,CUST-08,2024-06-23,2,SKU-EIY,6,146825,ZAR
EXT-630416,CUST-02,2024-06-11,1,SKU-BEX,24,52018,ZAR
EXT-630416,CUST-02,2024-06-11,2,SKU-AAY,16,4847,ZAR
EXT-630416,CUST-02,2024-06-11,3,SKU-EEY,14,113464,ZAR
EXT-630324,CUST-02,2024-06-11,1,SKU-CIY,11,24754,ZAR
EXT-630324,CUST-02,2024-06-11,2,SKU-HIX,19,158439,ZAR
EXT-630475,CUST-19,2024-07-18,1,SKU-CAX,2,42283,ZAR
EXT-630475,CUST-19,2024-07-18,2,SKU-DIZ,10,187381,ZAR
EXT-630475,CUST-19,2024-07-18,3,SKU-HEY,22,43806,ZAR
EXT-630072,CUST-13,2024-07-18,1,SKU-DIX,19,148364,ZAR
EXT-630072,CUST-13,2024-07-18,2,SKU-GEZ,25,229901,ZAR
EXT-630248,CUST-02,2024-07-03,1,SKU-DEY,6,35481,ZAR
EXT-630248,CUST-02,2024-07-03,2,SKU-BOZ,3,241185,ZAR
EXT-630248,CUST-02,2024-07-03,3,SKU-FEY,2,84057,ZAR
EXT-630027,CUST-04,2024-07-17,1,SKU-EUX,22,100785,ZAR
EXT-630027,CUST-04,2024-07-17,2,SKU-FIY,12,173868,ZAR
EXT-630027,CUST-04,2024-07-17,3,SKU-CAZ,12,63517,ZAR
EXT-630143,CUST-14,2024-07-03,1,SKU-GAY,1,19704,ZAR
EXT-630143,CUST-14,2024-07-03,2,SKU-COY,19,157045,ZAR
EXT-630465,CUST-01,2024-06-25,1,SKU-CAX,13,16981,ZAR
EXT-630465,CUST-01,2024-06-25,2,SKU-BAZ,18,165234,ZAR
EXT-630465,CUST-01,2024-06-25,3,SKU-FUY,19,49416,ZAR
EXT-630092,CUST-01,2024-06-03,1,SKU-DIY,24,148897,ZAR
EXT-630092,CUST-01,2024-06-03,2,SKU-DEY,14,162915,ZAR
EXT-630183,CUST-03,2024-06-04,1,SKU-EIX,1,172540,ZAR
EXT-630059,CUST-02,2024-07-08,1,SKU-EIY,17,169505,ZAR
EXT-630059,CUST-02,2024-07-08,2,SKU-AOX,3,148815,ZAR
EXT-630322,CUST-17,2024-07-19,1,SKU-HAZ,8,246740,ZAR
EXT-630322,CUST-17,2024-07-19,2,SKU-AAY,23,64414,ZAR
EXT-630295,CUST-19,2024-07-03,1,SKU-DIY,23,126374,ZAR
EXT-630128,CUST-18,2024-06-17,1,SKU-AAX,24,187454,ZAR
EXT-630128,CUST-18,2024-06-17,2,SKU-FOX,3,237608,ZAR
EXT-630128,CUST-18,2024-06-17,3,SKU-AEX,19,82991,ZAR
EXT-630435,CUST-14,2024-07-26,1,SKU-GAX,20,159042,ZAR
EXT-630435,CUST-14,2024-07-26,2,SKU-FOZ,9,44832,ZAR
EXT-630435,CUST-14,2024-07-26,3,SKU-DOZ,25,243281,ZAR
EXT-630031,CUST-13,2024-06-16,1,SKU-GAX,3,83836,ZAR
EXT-630031,CUST-13,2024-06-16,2,SKU-GOX,5,29103,ZAR
EXT-630031,CUST-13,2024-06-16,3,SKU-BAZ,17,36538,ZAR
EXT-630003,CUST-15,2024-06-27,1,SKU-BIZ,1,107864,ZAR
EXT-630003,CUST-15,2024-06-27,2,SKU-HEZ,16,204808,ZAR
EXT-630003,CUST-15,2024-06-27,3,SKU-EOZ,5,146370,ZAR
EXT-630138,CUST-02,2024-06-13,1,SKU-CEX,18,55171,ZAR
EXT-630138,CUST-02,2024-06-13,2,SKU-HUZ,22,229225,ZAR
EXT-630120,CUST-09,2024-06-01,1,SKU-EEZ,20,178996,ZAR
EXT-630120,CUST-09,2024-06-01,2,SKU-GUY,19,202663,ZAR
EXT-630120,CUST-09,2024-06-01,3,SKU-BAY,23,175611,ZAR
EXT-630342,CUST-03,2024-06-25,1,SKU-FEZ,25,178079,ZAR
EXT-630342,CUST-03,2024-06-25,2,SKU-DOY,25,130628,ZAR
EXT-630225,CUST-19,2024-07-06,1,SKU-EAY,2,232024,ZAR
EXT-630225,CUST-19,2024-07-06,2,SKU-GOY,24,10181,ZAR
EXT-630035,CUST-15,2024-06-13,1,SKU-FOY,12,86110,ZAR
EXT-630035,CUST-15,2024-06-13,2,SKU-HUZ,17,161394,ZAR
EXT-630464,CUST-10,2024-07-06,1,SKU-CIX,3,30777,ZAR
EXT-630464,CUST-10,2024-07-06,2,SKU-GEY,4,193021,ZAR
EXT-630464,CUST-10,2024-07-06,3,SKU-FEY,4,213883,ZAR
EXT-630137,CUST-08,2024-06-26,1,SKU-HUZ,1,203253,ZAR
EXT-630344,CUST-04,2024-06-17,1,SKU-BEZ,23,121053,ZAR
EXT-630417,CUST-02,2024-06-07,1,SKU-DOZ,17,112278,ZAR
EXT-630468,CUST-20,2024-06-09,1,SKU-EEY,18,105684,ZAR
EXT-630468,CUST-20,2024-06-09,2,SKU-BOY,3,238581,ZAR
EXT-630069,CUST-06,2024-07-15,1,SKU-EOX,17,167317,ZAR
EXT-630069,CUST-06,2024-07-15,2,SKU-GUX,23,37701,ZAR
EXT-630358,CUST-02,2024-07-13,1,SKU-DEX,8,85940,ZAR
EXT-630358,CUST-02,2024-07-13,2,SKU-DIZ,22,70126,ZAR
EXT-630358,CUST-02,2024-07-13,3,SKU-AIZ,8,120830,ZAR
EXT-630363,CUST-06,2024-07-25,1,SKU-HAY,4,172030,ZAR
EXT-630038,CUST-02,2024-07-17,1,SKU-FAY,25,211127,ZAR
EXT-630038,CUST-02,2024-07-17,2,SKU-BUX,6,58277,ZAR
EXT-630038,CUST-02,2024-07-17,3,SKU-BIY,9,58461,ZAR
EXT-630011,CUST-01,2024-06-07,1,SKU-HOY,14,134569,ZAR
EXT-630011,CUST-01,2024-06-07,2,SKU-EAZ,5,60172,ZAR
EXT-630235,CUST-07,2024-06-26,1,SKU-AAY,2,59853,ZAR
EXT-630235,CUST-07,2024-06-26,2,SKU-GIY,22,216858,ZAR
EXT-630235,CUST-07,2024-06-26,3,SKU-GUZ,2,65032,ZAR
EXT-630409,CUST-13,2024-07-23,1,SKU-AIX,7,7932,ZAR
EXT-630405,CUST-01,2024-06-27,1,SKU-AAZ,12,107340,ZAR
EXT-630470,CUST-02,2024-07-16,1,SKU-AUZ,16,145981,ZAR
EXT-630470,CUST-02,2024-07-16,2,SKU-AAX,1,56874,ZAR
EXT-630470,CUST-02,2024-07-16,3,SKU-AUZ,23,218256,ZAR
EXT-630013,CUST-04,2024-06-17,1,SKU-EEX,7,92414,ZAR
EXT-630013,CUST-04,2024-06-17,2,SKU-DEY,5,182628,ZAR
EXT-630013,CUST-04,2024-06-17,3,SKU-GEX,23,134746,ZAR
EXT-630145,CUST-08,2024-07-01,1,SKU-BAY,1,247473,ZAR
EXT-630145,CUST-08,2024-07-01,2,SKU-DEZ,4,97788,ZAR
EXT-630257,CUST-16,2024-07-03,1,SKU-AEZ,2,147896,ZAR
EXT-630153,CUST-19,2024-06-24,1,SKU-GAY,10,140593,ZAR
EXT-630280,CUST-06,2024-07-28,1,SKU-AUY,6,100253,ZAR
EXT-630019,CUST-16,2024-07-10,1,SKU-EOZ,22,192940,ZAR
EXT-630139,CUST-07,2024-06-03,1,SKU-CUY,9,138540,ZAR
EXT-630079,CUST-01,2024-06-07,1,SKU-FAX,6,9526,ZAR
EXT-630079,CUST-01,2024-06-07,2,SKU-CUY,14,195271,ZAR
EXT-630197,CUST-05,2024-07-14,1,SKU-AEZ,22,153233,ZAR
EXT-630197,CUST-05,2024-07-14,2,SKU-AUX,3,105488,ZAR
EXT-630197,CUST-05,2024-07-14,3,SKU-AEX,12,243931,ZAR
EXT-630207,CUST-13,2024-07-24,1,SKU-CAZ,20,152521,ZAR
EXT-630207,CUST-13,2024-07-24,2,SKU-AUZ,8,122426,ZAR
EXT-630207,CUST-13,2024-07-24,3,SKU-DIZ,6,64453,ZAR
EXT-630194,CUST-06,2024-06-24,1,SKU-GEY,8,111689,ZAR
EXT-630194,CUST-06,2024-06-24,2,SKU-CAX,2,166134,ZAR
EXT-630194,CUST-06,2024-06-24,3,SKU-AAZ,8,34768,ZAR
EXT-630450,CUST-07,2024-07-22,1,SKU-AEY,22,146181,ZAR
EXT-630165,CUST-18,2024-06-18,1,SKU-EAY,2,61969,ZAR
EXT-630165,CUST-18,2024-06-18,2,SKU-FIX,24,14852,ZAR
EXT-630165,CUST-18,2024-06-18,3,SKU-HOX,2,116578,ZAR
EXT-630304,CUST-04,2024-07-10,1,SKU-CIZ,3,135849,ZAR
EXT-630304,CUST-04,2024-07-10,2,SKU-DIZ,7,131922,ZAR
EXT-630276,CUST-09,2024-06-21,1,SKU-AOX,15,174696,ZAR
EXT-630276,CUST-09,2024-06-21,2,SKU-BOY,7,66041,ZAR
EXT-630407,CUST-09,2024-07-16,1,SKU-HUX,3,35693,ZAR
EXT-630407,CUST-09,2024-07-16,2,SKU-EIX,18,124499,ZAR
EXT-630407,CUST-09,2024-07-16,3,SKU-BUZ,24,150478,ZAR
EXT-630090,CUST-09,2024-07-02,1,SKU-DIZ,23,178807,ZAR
EXT-1004,CUST-04,2024-07-06,1,SKU-EEE,2,500,ZAR
EXT-1004,CUST-04,2024-07-06,2,SKU-FFF,1,999,ZAR
EXT-1004,CUST-04,2024-07-06,3,SKU-GGG,4,250,ZAR
EXT-630289,CUST-04,2024-07-10,1,SKU-GOY,9,240397,ZAR
EXT-630361,CUST-18,2024-07-18,1,SKU-HAY,19,29179,ZAR
EXT-630361,CUST-18,2024-07-18,2,SKU-AUX,13,61150,ZAR
EXT-630258,CUST-20,2024-07-21,1,SKU-EAY,21,170527,ZAR
EXT-630229,CUST-14,2024-07-13,1,SKU-EOX,22,19852,ZAR
EXT-630229,CUST-14,2024-07-13,2,SKU-GUY,25,233980,ZAR
EXT-630373,CUST-13,2024-06-03,1,SKU-AAX,8,94138,ZAR
EXT-630373,CUST-13,2024-06-03,2,SKU-FUX,11,25434,ZAR
EXT-630373,CUST-13,2024-06-03,3,SKU-DUZ,18,155646,ZAR
EXT-9303,CUST-12,2024-07-13,1,SKU-QCC,2,1000,ZAR,JUNK
EXT-630242,CUST-03,2024-06-14,1,SKU-GOZ,17,162366,ZAR
EXT-630242,CUST-03,2024-06-14,2,SKU-GUY,19,72166,ZAR
EXT-630180,CUST-08,2024-06-19,1,SKU-EOZ,6,12730,ZAR
EXT-630180,CUST-08,2024-06-19,2,SKU-DIY,24,102296,ZAR
EXT-630180,CUST-08,2024-06-19,3,SKU-EOY,10,247012,ZAR
EXT-630104,CUST-06,2024-07-04,1,SKU-BOY,22,112,ZAR
EXT-630104,CUST-06,2024-07-04,2,SKU-EOZ,20,67088,ZAR
EXT-630104,CUST-06,2024-07-04,3,SKU-DOY,7,206454,ZAR
EXT-630064,CUST-02,2024-06-27,1,SKU-DUZ,25,133625,ZAR
EXT-630064,CUST-02,2024-06-27,2,SKU-AAZ,16,52701,ZAR
EXT-630305,CUST-20,2024-07-01,1,SKU-FIZ,23,194786,ZAR
EXT-630305,CUST-20,2024-07-01,2,SKU-DAY,12,133227,ZAR
EXT-630408,CUST-11,2024-06-20,1,SKU-HOX,5,190849,ZAR
EXT-630408,CUST-11,2024-06-20,2,SKU-BOY,6,83938,ZAR
EXT-630408,CUST-11,2024-06-20,3,SKU-EEX,10,132087,ZAR
EXT-630008,CUST-12,2024-07-19,1,SKU-DOY,4,83750,ZAR
EXT-630008,CUST-12,2024-07-19,2,SKU-FIX,5,153793,ZAR
EXT-3002,CUST-12,2024-06-19,1,SKU-AUZ,25,5348,ZAR
EXT-3002,CUST-12,2024-06-19,2,SKU-CEZ,10,140243,ZAR
EXT-3002,CUST-12,2024-06-19,3,SKU-AEY,25,170746,ZAR
EXT-3002,CUST-12,2024-06-19,4,SKU-FOY,6,82222,ZAR
EXT-630220,CUST-07,2024-06-24,1,SKU-EEX,19,7290,ZAR
EXT-630220,CUST-07,2024-06-24,2,SKU-FOY,17,4789,ZAR
EXT-630220,CUST-07,2024-06-24,3,SKU-BIZ,4,52321,ZAR
EXT-630246,CUST-11,2024-06-05,1,SKU-GOZ,19,239825,ZAR
EXT-630246,CUST-11,2024-06-05,2,SKU-COZ,17,135602,ZAR
EXT-630246,CUST-11,2024-06-05,3,SKU-DEZ,19,152773,ZAR
EXT-630384,CUST-12,2024-06-07,1,SKU-BEX,11,224339,ZAR
EXT-630384,CUST-12,2024-06-07,2,SKU-EUY,3,145803,ZAR
EXT-630354,CUST-01,2024-07-20,1,SKU-DOZ,7,177246,ZAR
EXT-630354,CUST-01,2024-07-20,2,SKU-FAY,2,118129,ZAR
EXT-1002,CUST-02,2024-07-10,1,SKU-AAA,10,1299,ZAR
EXT-1002,CUST-02,2024-07-10,2,SKU-CCC,5,300,ZAR
EXT-630448,CUST-19,2024-06-26,1,SKU-GOZ,23,174406,ZAR
EXT-630448,CUST-19,2024-06-26,2,SKU-CEZ,6,159192,ZAR
EXT-630448,CUST-19,2024-06-26,3,SKU-FAZ,24,104669,ZAR
EXT-630049,CUST-10,2024-06-15,1,SKU-AIZ,5,3038,ZAR
EXT-630049,CUST-10,2024-06-15,2,SKU-DIZ,4,53445,ZAR
EXT-630049,CUST-10,2024-06-15,3,SKU-FIY,21,84154,ZAR
EXT-630275,CUST-18,2024-06-16,1,SKU-BAY,11,105094,ZAR
EXT-630275,CUST-18,2024-06-16,2,SKU-HUX,20,232891,ZAR
EXT-630294,CUST-11,2024-06-27,1,SKU-BUX,3,83663,ZAR
EXT-630186,CUST-13,2024-07-20,1,SKU-AIY,10,74468,ZAR
EXT-630460,CUST-09,2024-07-22,1,SKU-DOX,6,120188,ZAR
EXT-630460,CUST-09,2024-07-22,2,SKU-BOY,5,179571,ZAR
EXT-630367,CUST-18,2024-06-25,1,SKU-DUX,5,179521,ZAR
EXT-630367,CUST-18,2024-06-25,2,SKU-GAY,17,6791,ZAR
EXT-630149,CUST-12,2024-07-13,1,SKU-FOZ,24,53318,ZAR
EXT-630149,CUST-12,2024-07-13,2,SKU-GUZ,2,56159,ZAR
EXT-630346,CUST-01,2024-07-12,1,SKU-BUZ,7,134416,ZAR
EXT-630306,CUST-02,2024-06-03,1,SKU-FUX,17,25603,ZAR
EXT-630306,CUST-02,2024-06-03,2,SKU-FUX,7,181762,ZAR
EXT-630306,CUST-02,2024-06-03,3,SKU-HOX,1,130806,ZAR
EXT-630201,CUST-06,2024-06-12,1,SKU-GAY,7,152901,ZAR
EXT-630201,CUST-06,2024-06-12,2,SKU-CIY,17,22677,ZAR
EXT-630205,CUST-10,2024-06-01,1,SKU-EUZ,6,183997,ZAR
EXT-630205,CUST-10,2024-06-01,2,SKU-DOX,12,185729,ZAR
EXT-630205,CUST-10,2024-06-01,3,SKU-BIX,21,182873,ZAR
EXT-630473,CUST-19,2024-07-27,1,SKU-FAZ,5,80365,ZAR
EXT-630473,CUST-19,2024-07-27,2,SKU-DOY,5,217188,ZAR
EXT-630473,CUST-19,2024-07-27,3,SKU-AEY,11,219419,ZAR
EXT-630016,CUST-20,2024-07-07,1,SKU-CUZ,12,175254,ZAR
EXT-630016,CUST-20,2024-07-07,2,SKU-CEZ,25,79497,ZAR
EXT-630106,CUST-19,2024-06-25,1,SKU-DOY,5,169982,ZAR
EXT-630244,CUST-10,2024-06-01,1,SKU-FUZ,13,22144,ZAR
EXT-630244,CUST-10,2024-06-01,2,SKU-AEY,3,242957,ZAR
EXT-630244,CUST-10,2024-06-01,3,SKU-AEX,12,180167,ZAR
EXT-630122,CUST-01,2024-07-08,1,SKU-BOY,8,236564,ZAR
EXT-630122,CUST-01,2024-07-08,2,SKU-CIY,22,119153,ZAR
EXT-630472,CUST-13,2024-06-08,1,SKU-DUX,6,95428,ZAR
EXT-630472,CUST-13,2024-06-08,2,SKU-FOX,5,61987,ZAR
EXT-630413,CUST-20,2024-07-13,1,SKU-EOY,18,127210,ZAR
EXT-630204,CUST-06,2024-06-02,1,SKU-BEX,4,172411,ZAR
EXT-630204,CUST-06,2024-06-02,2,SKU-EIX,2,197822,ZAR
EXT-9301,CUST-12,2024-07-13,1,SKU-QCA,NaN,1000,ZAR
EXT-630014,CUST-01,2024-07-03,1,SKU-CEY,14,115489,ZAR
EXT-630014,CUST-01,2024-07-03,2,SKU-DAX,22,137147,ZAR
EXT-630433,CUST-05,2024-06-14,1,SKU-CEX,13,132375,ZAR
EXT-630433,CUST-05,2024-06-14,2,SKU-DEY,3,215898,ZAR
EXT-630433,CUST-05,2024-06-14,3,SKU-HUX,22,89624,ZAR
EXT-630033,CUST-01,2024-07-28,1,SKU-CIZ,14,44530,ZAR
EXT-630182,CUST-09,2024-06-23,1,SKU-FEX,8,186122,ZAR
EXT-630206,CUST-15,2024-06-08,1,SKU-DOZ,5,7865,ZAR
EXT-630245,CUST-11,2024-07-02,1,SKU-FAY,24,58585,ZAR
EXT-630265,CUST-11,2024-06-28,1,SKU-CAY,10,10167,ZAR
EXT-630060,CUST-19,2024-06-11,1,SKU-CIX,9,105102,ZAR
EXT-630170,CUST-06,2024-07-01,1,SKU-GIY,19,131737,ZAR
EXT-630170,CUST-06,2024-07-01,2,SKU-CAX,7,24679,ZAR
EXT-630170,CUST-06,2024-07-01,3,SKU-BIZ,21,174690,ZAR
EXT-630310,CUST-09,2024-06-28,1,SKU-FAY,18,200380,ZAR
,CUST-12,2024-07-13,1,SKU-QCF,2,1000,ZAR
EXT-630158,CUST-14,2024-07-23,1,SKU-DEY,22,34395,ZAR
EXT-630158,CUST-14,2024-07-23,2,SKU-GUX,7,19315,ZAR
EXT-630356,CUST-04,2024-06-03,1,SKU-GOZ,5,199744,ZAR
EXT-630356,CUST-04,2024-06-03,2,SKU-HOX,23,60359,ZAR
EXT-630087,CUST-01,2024-06-14,1,SKU-DOZ,18,56912,ZAR
EXT-630087,CUST-01,2024-06-14,2,SKU-EEX,13,105982,ZAR
EXT-630087,CUST-01,2024-06-14,3,SKU-EEX,9,163605,ZAR
EXT-630178,CUST-05,2024-07-10,1,SKU-GIZ,1,37902,ZAR
EXT-630178,CUST-05,2024-07-10,2,SKU-EIZ,16,238100,ZAR
EXT-630178,CUST-05,2024-07-10,3,SKU-AOX,5,104651,ZAR
EXT-3048,CUST-11,2024-06-22,1,SKU-FEY,3,207335,ZAR
EXT-3048,CUST-11,2024-06-22,2,SKU-DEZ,19,178342,ZAR
EXT-3048,CUST-11,2024-06-22,3,SKU-BAY,9,35150,ZAR
EXT-630076,CUST-08,2024-06-13,1,SKU-AIX,6,77080,ZAR
EXT-630112,CUST-07,2024-06-05,1,SKU-DEZ,5,64473,ZAR
EXT-630301,CUST-03,2024-06-11,1,SKU-EUY,20,110617,ZAR
EXT-630301,CUST-03,2024-06-11,2,SKU-AEX,1,101735,ZAR
EXT-630301,CUST-03,2024-06-11,3,SKU-AEX,25,215951,ZAR
EXT-630364,CUST-14,2024-06-09,1,SKU-EIZ,17,66323,ZAR
EXT-630282,CUST-15,2024-07-03,1,SKU-EEX,2,152288,ZAR
EXT-630282,CUST-15,2024-07-03,2,SKU-DIY,22,70423,ZAR
EXT-630053,CUST-08,2024-06-28,1,SKU-HEY,14,182574,ZAR
EXT-630052,CUST-01,2024-06-19,1,SKU-COX,14,110236,ZAR
EXT-630330,CUST-10,2024-06-27,1,SKU-DEZ,12,236939,ZAR
EXT-630330,CUST-10,2024-06-27,2,SKU-DOZ,18,18634,ZAR
EXT-630330,CUST-10,2024-06-27,3,SKU-BOX,19,151285,ZAR
EXT-630370,CUST-02,2024-06-24,1,SKU-EAY,20,1419,ZAR
EXT-630370,CUST-02,2024-06-24,2,SKU-CIX,18,243718,ZAR
EXT-630370,CUST-02,2024-06-24,3,SKU-BAY,6,20935,ZAR
EXT-630428,CUST-02,2024-07-21,1,SKU-FOZ,9,154086,ZAR
EXT-630428,CUST-02,2024-07-21,2,SKU-EAY,8,128466,ZAR
EXT-630428,CUST-02,2024-07-21,3,SKU-COX,10,45875,ZAR
EXT-630439,CUST-01,2024-07-23,1,SKU-EOZ,14,199737,ZAR
EXT-630439,CUST-01,2024-07-23,2,SKU-AEX,15,243418,ZAR
EXT-630406,CUST-03,2024-06-19,1,SKU-EAZ,6,161514,ZAR
EXT-630406,CUST-03,2024-06-19,2,SKU-EOZ,23,148616,ZAR
EXT-630406,CUST-03,2024-06-19,3,SKU-BIY,1,183967,ZAR
EXT-9304,CUST-12,13-07-2024,1,SKU-QCD,2,1000,ZAR
EXT-630115,CUST-10,2024-07-01,1,SKU-FEY,5,174986,ZAR
EXT-630115,CUST-10,2024-07-01,2,SKU-GIY,17,46023,ZAR
EXT-630375,CUST-12,2024-07-01,1,SKU-GIY,24,200188,ZAR
EXT-630375,CUST-12,2024-07-01,2,SKU-DOX,17,173836,ZAR
EXT-630085,CUST-14,2024-06-04,1,SKU-DIX,1,59282,ZAR
EXT-630085,CUST-14,2024-06-04,2,SKU-AIX,3,91129,ZAR
EXT-630085,CUST-14,2024-06-04,3,SKU-BOZ,21,241168,ZAR
EXT-630084,CUST-09,2024-06-02,1,SKU-DAZ,12,180441,ZAR
EXT-630202,CUST-02,2024-07-22,1,SKU-GIY,3,65875,ZAR
EXT-630202,CUST-02,2024-07-22,2,SKU-CIX,12,132493,ZAR
EXT-630177,CUST-20,2024-06-26,1,SKU-HAX,19,106484,ZAR
EXT-630177,CUST-20,2024-06-26,2,SKU-AOX,6,167160,ZAR
EXT-630177,CUST-20,2024-06-26,3,SKU-DAZ,24,239862,ZAR
EXT-630114,CUST-15,2024-06-05,1,SKU-EAY,2,199533,ZAR
EXT-630114,CUST-15,2024-06-05,2,SKU-EIZ,21,70969,ZAR
EXT-630114,CUST-15,2024-06-05,3,SKU-GIY,19,233794,ZAR
EXT-630422,CUST-12,2024-07-10,1,SKU-FAZ,17,83499,ZAR
EXT-630051,CUST-09,2024-06-08,1,SKU-CUX,6,202718,ZAR
EXT-630051,CUST-09,2024-06-08,2,SKU-EUZ,12,209296,ZAR
EXT-630191,CUST-11,2024-07-19,1,SKU-EEZ,20,167085,ZAR
EXT-630191,CUST-11,2024-07-19,2,SKU-AUY,14,221963,ZAR
EXT-630121,CUST-15,2024-07-04,1,SKU-EUX,23,191074,ZAR
EXT-630121,CUST-15,2024-07-04,2,SKU-AEZ,14,207106,ZAR
EXT-630453,CUST-16,2024-06-21,1,SKU-HEX,13,151869,ZAR
EXT-630181,CUST-05,2024-07-16,1,SKU-EOY,15,22557,ZAR
EXT-630181,CUST-05,2024-07-16,2,SKU-HUX,25,48274,ZAR
EXT-630378,CUST-14,2024-06-10,1,SKU-CIZ,15,70689,ZAR
EXT-630378,CUST-14,2024-06-10,2,SKU-CAY,15,140411,ZAR
EXT-630378,CUST-14,2024-06-10,3,SKU-FIY,2,104072,ZAR
EXT-630341,CUST-04,2024-06-25,1,SKU-AAX,10,3111,ZAR
EXT-630341,CUST-04,2024-06-25,2,SKU-FAY,16,103363,ZAR
EXT-630107,CUST-09,2024-07-25,1,SKU-AUZ,4,12863,ZAR
EXT-9305,CUST-12,2024-07-13,1,SKU-QCE,2,1000,GBP
EXT-630459,CUST-16,2024-06-08,1,SKU-FAX,4,239375,ZAR
EXT-630159,CUST-04,2024-06-11,1,SKU-BIZ,2,5527,ZAR
EXT-630159,CUST-04,2024-06-11,2,SKU-CUZ,25,78867,ZAR
EXT-630184,CUST-04,2024-06-01,1,SKU-CUX,2,159513,ZAR
EXT-630184,CUST-04,2024-06-01,2,SKU-CIX,21,131591,ZAR
EXT-630055,CUST-13,2024-06-02,1,SKU-EAY,23,107225,ZAR
EXT-630055,CUST-13,2024-06-02,2,SKU-FUZ,6,247650,ZAR
EXT-1001,CUST-01,2024-07-10,1,SKU-AAA,2,1299,ZAR
EXT-1001,CUST-01,2024-07-10,2,SKU-BBB,1,4999,ZAR
EXT-630266,CUST-01,2024-06-03,1,SKU-AIZ,25,171967,ZAR
,,,,,,,
EXT-630334,CUST-02,2024-07-19,1,SKU-EAX,17,6754,ZAR
EXT-630334,CUST-02,2024-07-19,2,SKU-FAX,8,162504,ZAR
EXT-630334,CUST-02,2024-07-19,3,SKU-AIY,22,156161,ZAR
EXT-630101,CUST-10,2024-07-25,1,SKU-CIX,2,126417,ZAR
EXT-630101,CUST-10,2024-07-25,2,SKU-HAZ,7,211152,ZAR
EXT-630147,CUST-09,2024-06-08,1,SKU-AIZ,25,64741,ZAR
EXT-630147,CUST-09,2024-06-08,2,SKU-DOX,10,149471,ZAR
EXT-630147,CUST-09,2024-06-08,3,SKU-COY,8,145407,ZAR
EXT-630015,CUST-20,2024-06-12,1,SKU-HAX,20,45720,ZAR
EXT-630015,CUST-20,2024-06-12,2,SKU-GIY,21,144919,ZAR
EXT-630263,CUST-06,2024-07-01,1,SKU-EEY,22,37447,ZAR
EXT-630263,CUST-06,2024-07-01,2,SKU-FIX,1,110959,ZAR
EXT-630259,CUST-17,2024-06-03,1,SKU-AIX,10,73258,ZAR
EXT-630259,CUST-17,2024-06-03,2,SKU-DAX,10,238895,ZAR
EXT-630333,CUST-04,2024-06-18,1,SKU-GEX,13,193028,ZAR
EXT-630333,CUST-04,2024-06-18,2,SKU-GOZ,24,189034,ZAR
EXT-630333,CUST-04,2024-06-18,3,SKU-BEZ,13,169065,ZAR
EXT-630100,CUST-08,2024-07-17,1,SKU-BEZ,9,42737,ZAR
EXT-630100,CUST-08,2024-07-17,2,SKU-FEZ,22,91931,ZAR
EXT-630313,CUST-19,2024-06-19,1,SKU-HOX,10,131827,ZAR
EXT-630000,CUST-15,2024-07-19,1,SKU-BIZ,9,235365,ZAR
EXT-630000,CUST-15,2024-07-19,2,SKU-AIZ,1,13984,ZAR
EXT-630000,CUST-15,2024-07-19,3,SKU-DAY,5,110998,ZAR
EXT-630339,CUST-19,2024-06-16,1,SKU-EOZ,21,226496,ZAR
EXT-630444,CUST-13,2024-06-19,1,SKU-EAY,1,77867,ZAR
EXT-630444,CUST-13,2024-06-19,2,SKU-DAX,23,241016,ZAR
EXT-630327,CUST-15,2024-06-07,1,SKU-AIX,25,153521,ZAR
EXT-630351,CUST-04,2024-06-01,1,SKU-EIY,14,139791,ZAR
EXT-630243,CUST-14,2024-06-21,1,SKU-BOY,16,205234,ZAR
EXT-630243,CUST-14,2024-06-21,2,SKU-CUY,5,246118,ZAR
EXT-630445,CUST-08,2024-06-12,1,SKU-FOX,13,132311,ZAR
EXT-630445,CUST-08,2024-06-12,2,SKU-CUY,7,208574,ZAR
EXT-630281,CUST-04,2024-07-26,1,SKU-HUZ,14,168312,ZAR
EXT-630281,CUST-04,2024-07-26,2,SKU-BAX,23,3100,ZAR
EXT-630281,CUST-04,2024-07-26,3,SKU-COY,19,64969,ZAR
EXT-630157,CUST-10,2024-06-18,1,SKU-FUZ,16,14217,ZAR
EXT-630431,CUST-02,2024-06-22,1,SKU-CIZ,19,131197,ZAR
EXT-630135,CUST-12,2024-06-28,1,SKU-HEX,6,67347,ZAR
EXT-630135,CUST-12,2024-06-28,2,SKU-HOX,25,130479,ZAR
EXT-630443,CUST-02,2024-07-06,1,SKU-FUY,13,114348,ZAR
EXT-630028,CUST-12,2024-06-12,1,SKU-COZ,23,35606,ZAR
EXT-630028,CUST-12,2024-06-12,2,SKU-FAZ,15,35222,ZAR
EXT-630474,CUST-19,2024-06-17,1,SKU-DAX,20,106050,ZAR
EXT-630474,CUST-19,2024-06-17,2,SKU-BAZ,23,110786,ZAR
EXT-630215,CUST-16,2024-07-24,1,SKU-GEZ,6,54033,ZAR
EXT-630215,CUST-16,2024-07-24,2,SKU-BAY,23,223398,ZAR
EXT-630215,CUST-16,2024-07-24,3,SKU-FIZ,16,132316,ZAR
EXT-630241,CUST-16,2024-07-06,1,SKU-EOY,1,16759,ZAR
EXT-630241,CUST-16,2024-07-06,2,SKU-GUX,22,10453,ZAR
EXT-630241,CUST-16,2024-07-06,3,SKU-HEX,5,208389,ZAR
EXT-630227,CUST-18,2024-07-03,1,SKU-CUX,3,73291,ZAR
EXT-630017,CUST-08,2024-06-05,1,SKU-COX,25,39522,ZAR
EXT-630155,CUST-02,2024-07-28,1,SKU-EUZ,8,173401,ZAR
EXT-630155,CUST-02,2024-07-28,2,SKU-BUX,5,165005,ZAR
EXT-630155,CUST-02,2024-07-28,3,SKU-BEX,4,45777,ZAR
EXT-630336,CUST-02,2024-06-06,1,SKU-GIY,1,51931,ZAR
EXT-630336,CUST-02,2024-06-06,2,SKU-FUX,5,79713,ZAR
EXT-630336,CUST-02,2024-06-06,3,SKU-CEY,14,77178,ZAR
EXT-3049,CUST-18,2024-07-12,1,SKU-BEZ,10,173491,ZAR
EXT-3049,CUST-18,2024-07-12,2,SKU-FOX,12,51153,ZAR
EXT-3049,CUST-18,2024-07-12,3,SKU-DEY,17,85520,ZAR
EXT-3049,CUST-18,2024-07-12,4,SKU-HUY,18,79444,ZAR
EXT-630190,CUST-06,2024-06-23,1,SKU-FAY,17,434,ZAR
EXT-630216,CUST-03,2024-06-24,1,SKU-COY,4,8592,ZAR
EXT-630216,CUST-03,2024-06-24,2,SKU-AEX,19,1828,ZAR
EXT-630216,CUST-03,2024-06-24,3,SKU-HOY,15,33778,ZAR
EXT-630260,CUST-07,2024-06-02,1,SKU-AOZ,17,245413,ZAR
EXT-630260,CUST-07,2024-06-02,2,SKU-EIX,1,149733,ZAR
EXT-630260,CUST-07,2024-06-02,3,SKU-EEY,4,219196,ZAR
EXT-630212,CUST-14,2024-07-05,1,SKU-FOY,4,139645,ZAR
EXT-630221,CUST-08,2024-07-19,1,SKU-GUX,2,248046,ZAR
EXT-630221,CUST-08,2024-07-19,2,SKU-HAZ,13,182452,ZAR
EXT-630221,CUST-08,2024-07-19,3,SKU-CAX,8,244174,ZAR
EXT-630353,CUST-01,2024-06-25,1,SKU-CUY,11,123177,ZAR
EXT-630353,CUST-01,2024-06-25,2,SKU-GIZ,11,201289,ZAR
EXT-630353,CUST-01,2024-06-25,3,SKU-FIY,20,23432,ZAR
EXT-630097,CUST-02,2024-06-02,1,SKU-HAZ,1,213524,ZAR
EXT-630168,CUST-11,2024-06-25,1,SKU-DIZ,6,34523,ZAR
EXT-630270,CUST-07,2024-07-01,1,SKU-BUZ,10,132616,ZAR
EXT-630270,CUST-07,2024-07-01,2,SKU-EEX,23,125857,ZAR
EXT-630238,CUST-11,2024-06-15,1,SKU-HIX,5,216416,ZAR
EXT-630238,CUST-11,2024-06-15,2,SKU-AAX,25,100511,ZAR
